unit_id	matrix_value_type	integer_fraction	min_value	max_value	zero_fraction	nonzero_quantiles	raw_count_evidence	normalized_evidence	log_transformed_evidence	provenance_source	semantics_status	safe_for_detection	safe_for_sum_counts	safe_for_mean_expression	notes
GSM8945749_donor1	%%MatrixMarket matrix coordinate integer general	1.0	0.0	16349.0	0.9655772670621899	q0=1;q25=1;q50=1;q75=2;q90=4;q99=30;q100=222	MatrixMarket integer coordinate values; nonnegative; 10x feature/barcode triplet naming; Gene Expression feature type.	No local normalization provenance or noninteger values found.	No negative/noninteger log-like values found; no local log-transform declaration.	GEO supplemental RAW.tar member names, MatrixMarket header, features.tsv feature types; no locally authoritative Cell Ranger/provenance manifest.	COUNT_LIKE_PROBABLE	YES	WITHIN_UNIT_ONLY	WITHIN_UNIT_UNNORMALIZED_ONLY	Integer values alone are not treated as proof of raw-count provenance; cross-unit mean comparison is not authorized.
GSM8945750_donor2	%%MatrixMarket matrix coordinate integer general	1.0	0.0	7631.0	0.9658240156830957	q0=1;q25=1;q50=1;q75=2;q90=3;q99=21;q100=1752	MatrixMarket integer coordinate values; nonnegative; 10x feature/barcode triplet naming; Gene Expression feature type.	No local normalization provenance or noninteger values found.	No negative/noninteger log-like values found; no local log-transform declaration.	GEO supplemental RAW.tar member names, MatrixMarket header, features.tsv feature types; no locally authoritative Cell Ranger/provenance manifest.	COUNT_LIKE_PROBABLE	YES	WITHIN_UNIT_ONLY	WITHIN_UNIT_UNNORMALIZED_ONLY	Integer values alone are not treated as proof of raw-count provenance; cross-unit mean comparison is not authorized.
GSM8945751_donor3	%%MatrixMarket matrix coordinate integer general	1.0	0.0	6036.0	0.9656865178988239	q0=1;q25=1;q50=1;q75=2;q90=4;q99=24;q100=2271	MatrixMarket integer coordinate values; nonnegative; 10x feature/barcode triplet naming; Gene Expression feature type.	No local normalization provenance or noninteger values found.	No negative/noninteger log-like values found; no local log-transform declaration.	GEO supplemental RAW.tar member names, MatrixMarket header, features.tsv feature types; no locally authoritative Cell Ranger/provenance manifest.	COUNT_LIKE_PROBABLE	YES	WITHIN_UNIT_ONLY	WITHIN_UNIT_UNNORMALIZED_ONLY	Integer values alone are not treated as proof of raw-count provenance; cross-unit mean comparison is not authorized.
GSM8945752_donor4	%%MatrixMarket matrix coordinate integer general	1.0	0.0	4499.0	0.9606423859994436	q0=1;q25=1;q50=1;q75=2;q90=4;q99=25;q100=412	MatrixMarket integer coordinate values; nonnegative; 10x feature/barcode triplet naming; Gene Expression feature type.	No local normalization provenance or noninteger values found.	No negative/noninteger log-like values found; no local log-transform declaration.	GEO supplemental RAW.tar member names, MatrixMarket header, features.tsv feature types; no locally authoritative Cell Ranger/provenance manifest.	COUNT_LIKE_PROBABLE	YES	WITHIN_UNIT_ONLY	WITHIN_UNIT_UNNORMALIZED_ONLY	Integer values alone are not treated as proof of raw-count provenance; cross-unit mean comparison is not authorized.
GSM8945753_donor5	%%MatrixMarket matrix coordinate integer general	1.0	0.0	7761.0	0.9564945306782551	q0=1;q25=1;q50=1;q75=2;q90=4;q99=30;q100=376	MatrixMarket integer coordinate values; nonnegative; 10x feature/barcode triplet naming; Gene Expression feature type.	No local normalization provenance or noninteger values found.	No negative/noninteger log-like values found; no local log-transform declaration.	GEO supplemental RAW.tar member names, MatrixMarket header, features.tsv feature types; no locally authoritative Cell Ranger/provenance manifest.	COUNT_LIKE_PROBABLE	YES	WITHIN_UNIT_ONLY	WITHIN_UNIT_UNNORMALIZED_ONLY	Integer values alone are not treated as proof of raw-count provenance; cross-unit mean comparison is not authorized.
GSM8945754_donor6	%%MatrixMarket matrix coordinate integer general	1.0	0.0	8344.0	0.961535357484897	q0=1;q25=1;q50=1;q75=2;q90=4;q99=27;q100=320	MatrixMarket integer coordinate values; nonnegative; 10x feature/barcode triplet naming; Gene Expression feature type.	No local normalization provenance or noninteger values found.	No negative/noninteger log-like values found; no local log-transform declaration.	GEO supplemental RAW.tar member names, MatrixMarket header, features.tsv feature types; no locally authoritative Cell Ranger/provenance manifest.	COUNT_LIKE_PROBABLE	YES	WITHIN_UNIT_ONLY	WITHIN_UNIT_UNNORMALIZED_ONLY	Integer values alone are not treated as proof of raw-count provenance; cross-unit mean comparison is not authorized.
GSM8945755_donor7-1	%%MatrixMarket matrix coordinate integer general	1.0	0.0	15331.0	0.9531092135339004	q0=1;q25=1;q50=1;q75=2;q90=5;q99=41;q100=370	MatrixMarket integer coordinate values; nonnegative; 10x feature/barcode triplet naming; Gene Expression feature type.	No local normalization provenance or noninteger values found.	No negative/noninteger log-like values found; no local log-transform declaration.	GEO supplemental RAW.tar member names, MatrixMarket header, features.tsv feature types; no locally authoritative Cell Ranger/provenance manifest.	COUNT_LIKE_PROBABLE	YES	WITHIN_UNIT_ONLY	WITHIN_UNIT_UNNORMALIZED_ONLY	Integer values alone are not treated as proof of raw-count provenance; cross-unit mean comparison is not authorized.
GSM8945756_donor7-2	%%MatrixMarket matrix coordinate integer general	1.0	0.0	11199.0	0.9529315283431555	q0=1;q25=1;q50=1;q75=2;q90=4;q99=27;q100=387	MatrixMarket integer coordinate values; nonnegative; 10x feature/barcode triplet naming; Gene Expression feature type.	No local normalization provenance or noninteger values found.	No negative/noninteger log-like values found; no local log-transform declaration.	GEO supplemental RAW.tar member names, MatrixMarket header, features.tsv feature types; no locally authoritative Cell Ranger/provenance manifest.	COUNT_LIKE_PROBABLE	YES	WITHIN_UNIT_ONLY	WITHIN_UNIT_UNNORMALIZED_ONLY	Integer values alone are not treated as proof of raw-count provenance; cross-unit mean comparison is not authorized.
GSM8945757_donor8-1	%%MatrixMarket matrix coordinate integer general	1.0	0.0	10939.0	0.9533688057973865	q0=1;q25=1;q50=1;q75=2;q90=4;q99=46;q100=1533	MatrixMarket integer coordinate values; nonnegative; 10x feature/barcode triplet naming; Gene Expression feature type.	No local normalization provenance or noninteger values found.	No negative/noninteger log-like values found; no local log-transform declaration.	GEO supplemental RAW.tar member names, MatrixMarket header, features.tsv feature types; no locally authoritative Cell Ranger/provenance manifest.	COUNT_LIKE_PROBABLE	YES	WITHIN_UNIT_ONLY	WITHIN_UNIT_UNNORMALIZED_ONLY	Integer values alone are not treated as proof of raw-count provenance; cross-unit mean comparison is not authorized.
GSM8945758_donor8-2	%%MatrixMarket matrix coordinate integer general	1.0	0.0	14563.0	0.9574112075249339	q0=1;q25=1;q50=1;q75=2;q90=4;q99=25;q100=360	MatrixMarket integer coordinate values; nonnegative; 10x feature/barcode triplet naming; Gene Expression feature type.	No local normalization provenance or noninteger values found.	No negative/noninteger log-like values found; no local log-transform declaration.	GEO supplemental RAW.tar member names, MatrixMarket header, features.tsv feature types; no locally authoritative Cell Ranger/provenance manifest.	COUNT_LIKE_PROBABLE	YES	WITHIN_UNIT_ONLY	WITHIN_UNIT_UNNORMALIZED_ONLY	Integer values alone are not treated as proof of raw-count provenance; cross-unit mean comparison is not authorized.
GSM8945759_donor9-1	%%MatrixMarket matrix coordinate integer general	1.0	0.0	30734.0	0.9608078053798077	q0=1;q25=1;q50=1;q75=2;q90=5;q99=42.01;q100=6729	MatrixMarket integer coordinate values; nonnegative; 10x feature/barcode triplet naming; Gene Expression feature type.	No local normalization provenance or noninteger values found.	No negative/noninteger log-like values found; no local log-transform declaration.	GEO supplemental RAW.tar member names, MatrixMarket header, features.tsv feature types; no locally authoritative Cell Ranger/provenance manifest.	COUNT_LIKE_PROBABLE	YES	WITHIN_UNIT_ONLY	WITHIN_UNIT_UNNORMALIZED_ONLY	Integer values alone are not treated as proof of raw-count provenance; cross-unit mean comparison is not authorized.
GSM8945760_donor9-2	%%MatrixMarket matrix coordinate integer general	1.0	0.0	12847.0	0.9615101392205954	q0=1;q25=1;q50=1;q75=2;q90=3;q99=25;q100=419	MatrixMarket integer coordinate values; nonnegative; 10x feature/barcode triplet naming; Gene Expression feature type.	No local normalization provenance or noninteger values found.	No negative/noninteger log-like values found; no local log-transform declaration.	GEO supplemental RAW.tar member names, MatrixMarket header, features.tsv feature types; no locally authoritative Cell Ranger/provenance manifest.	COUNT_LIKE_PROBABLE	YES	WITHIN_UNIT_ONLY	WITHIN_UNIT_UNNORMALIZED_ONLY	Integer values alone are not treated as proof of raw-count provenance; cross-unit mean comparison is not authorized.
GSM8945761_donor10-1	%%MatrixMarket matrix coordinate integer general	1.0	0.0	7464.0	0.9505712218222476	q0=1;q25=1;q50=1;q75=2;q90=4;q99=45;q100=338	MatrixMarket integer coordinate values; nonnegative; 10x feature/barcode triplet naming; Gene Expression feature type.	No local normalization provenance or noninteger values found.	No negative/noninteger log-like values found; no local log-transform declaration.	GEO supplemental RAW.tar member names, MatrixMarket header, features.tsv feature types; no locally authoritative Cell Ranger/provenance manifest.	COUNT_LIKE_PROBABLE	YES	WITHIN_UNIT_ONLY	WITHIN_UNIT_UNNORMALIZED_ONLY	Integer values alone are not treated as proof of raw-count provenance; cross-unit mean comparison is not authorized.
GSM8945762_donor10-2	%%MatrixMarket matrix coordinate integer general	1.0	0.0	6945.0	0.9553677286260636	q0=1;q25=1;q50=1;q75=2;q90=3;q99=23;q100=504	MatrixMarket integer coordinate values; nonnegative; 10x feature/barcode triplet naming; Gene Expression feature type.	No local normalization provenance or noninteger values found.	No negative/noninteger log-like values found; no local log-transform declaration.	GEO supplemental RAW.tar member names, MatrixMarket header, features.tsv feature types; no locally authoritative Cell Ranger/provenance manifest.	COUNT_LIKE_PROBABLE	YES	WITHIN_UNIT_ONLY	WITHIN_UNIT_UNNORMALIZED_ONLY	Integer values alone are not treated as proof of raw-count provenance; cross-unit mean comparison is not authorized.
GSM8945763_donor11-1	%%MatrixMarket matrix coordinate integer general	1.0	0.0	10859.0	0.956696721992587	q0=1;q25=1;q50=1;q75=2;q90=4;q99=39;q100=4364	MatrixMarket integer coordinate values; nonnegative; 10x feature/barcode triplet naming; Gene Expression feature type.	No local normalization provenance or noninteger values found.	No negative/noninteger log-like values found; no local log-transform declaration.	GEO supplemental RAW.tar member names, MatrixMarket header, features.tsv feature types; no locally authoritative Cell Ranger/provenance manifest.	COUNT_LIKE_PROBABLE	YES	WITHIN_UNIT_ONLY	WITHIN_UNIT_UNNORMALIZED_ONLY	Integer values alone are not treated as proof of raw-count provenance; cross-unit mean comparison is not authorized.
GSM8945764_donor11-2	%%MatrixMarket matrix coordinate integer general	1.0	0.0	5887.0	0.9512215932800763	q0=1;q25=1;q50=1;q75=2;q90=4;q99=31;q100=617	MatrixMarket integer coordinate values; nonnegative; 10x feature/barcode triplet naming; Gene Expression feature type.	No local normalization provenance or noninteger values found.	No negative/noninteger log-like values found; no local log-transform declaration.	GEO supplemental RAW.tar member names, MatrixMarket header, features.tsv feature types; no locally authoritative Cell Ranger/provenance manifest.	COUNT_LIKE_PROBABLE	YES	WITHIN_UNIT_ONLY	WITHIN_UNIT_UNNORMALIZED_ONLY	Integer values alone are not treated as proof of raw-count provenance; cross-unit mean comparison is not authorized.
GSM8945765_donor12-1	%%MatrixMarket matrix coordinate integer general	1.0	0.0	6656.0	0.9549080345673064	q0=1;q25=1;q50=1;q75=2;q90=5;q99=45;q100=656	MatrixMarket integer coordinate values; nonnegative; 10x feature/barcode triplet naming; Gene Expression feature type.	No local normalization provenance or noninteger values found.	No negative/noninteger log-like values found; no local log-transform declaration.	GEO supplemental RAW.tar member names, MatrixMarket header, features.tsv feature types; no locally authoritative Cell Ranger/provenance manifest.	COUNT_LIKE_PROBABLE	YES	WITHIN_UNIT_ONLY	WITHIN_UNIT_UNNORMALIZED_ONLY	Integer values alone are not treated as proof of raw-count provenance; cross-unit mean comparison is not authorized.
GSM8945766_donor12-2	%%MatrixMarket matrix coordinate integer general	1.0	0.0	10881.0	0.9554227844537964	q0=1;q25=1;q50=1;q75=2;q90=4;q99=26;q100=4587	MatrixMarket integer coordinate values; nonnegative; 10x feature/barcode triplet naming; Gene Expression feature type.	No local normalization provenance or noninteger values found.	No negative/noninteger log-like values found; no local log-transform declaration.	GEO supplemental RAW.tar member names, MatrixMarket header, features.tsv feature types; no locally authoritative Cell Ranger/provenance manifest.	COUNT_LIKE_PROBABLE	YES	WITHIN_UNIT_ONLY	WITHIN_UNIT_UNNORMALIZED_ONLY	Integer values alone are not treated as proof of raw-count provenance; cross-unit mean comparison is not authorized.
GSM8945767_donor13-1	%%MatrixMarket matrix coordinate integer general	1.0	0.0	11948.0	0.9602946435660499	q0=1;q25=1;q50=1;q75=2;q90=4;q99=45;q100=1082	MatrixMarket integer coordinate values; nonnegative; 10x feature/barcode triplet naming; Gene Expression feature type.	No local normalization provenance or noninteger values found.	No negative/noninteger log-like values found; no local log-transform declaration.	GEO supplemental RAW.tar member names, MatrixMarket header, features.tsv feature types; no locally authoritative Cell Ranger/provenance manifest.	COUNT_LIKE_PROBABLE	YES	WITHIN_UNIT_ONLY	WITHIN_UNIT_UNNORMALIZED_ONLY	Integer values alone are not treated as proof of raw-count provenance; cross-unit mean comparison is not authorized.
GSM8945768_donor13-2	%%MatrixMarket matrix coordinate integer general	1.0	0.0	16033.0	0.9531666560115128	q0=1;q25=1;q50=1;q75=2;q90=4;q99=25;q100=414	MatrixMarket integer coordinate values; nonnegative; 10x feature/barcode triplet naming; Gene Expression feature type.	No local normalization provenance or noninteger values found.	No negative/noninteger log-like values found; no local log-transform declaration.	GEO supplemental RAW.tar member names, MatrixMarket header, features.tsv feature types; no locally authoritative Cell Ranger/provenance manifest.	COUNT_LIKE_PROBABLE	YES	WITHIN_UNIT_ONLY	WITHIN_UNIT_UNNORMALIZED_ONLY	Integer values alone are not treated as proof of raw-count provenance; cross-unit mean comparison is not authorized.
GSM8945769_donor14-1	%%MatrixMarket matrix coordinate integer general	1.0	0.0	8015.0	0.960224996662791	q0=1;q25=1;q50=1;q75=2;q90=4;q99=33;q100=437	MatrixMarket integer coordinate values; nonnegative; 10x feature/barcode triplet naming; Gene Expression feature type.	No local normalization provenance or noninteger values found.	No negative/noninteger log-like values found; no local log-transform declaration.	GEO supplemental RAW.tar member names, MatrixMarket header, features.tsv feature types; no locally authoritative Cell Ranger/provenance manifest.	COUNT_LIKE_PROBABLE	YES	WITHIN_UNIT_ONLY	WITHIN_UNIT_UNNORMALIZED_ONLY	Integer values alone are not treated as proof of raw-count provenance; cross-unit mean comparison is not authorized.
GSM8945770_donor14-2	%%MatrixMarket matrix coordinate integer general	1.0	0.0	14502.0	0.9607939959805649	q0=1;q25=1;q50=1;q75=2;q90=3;q99=28;q100=824	MatrixMarket integer coordinate values; nonnegative; 10x feature/barcode triplet naming; Gene Expression feature type.	No local normalization provenance or noninteger values found.	No negative/noninteger log-like values found; no local log-transform declaration.	GEO supplemental RAW.tar member names, MatrixMarket header, features.tsv feature types; no locally authoritative Cell Ranger/provenance manifest.	COUNT_LIKE_PROBABLE	YES	WITHIN_UNIT_ONLY	WITHIN_UNIT_UNNORMALIZED_ONLY	Integer values alone are not treated as proof of raw-count provenance; cross-unit mean comparison is not authorized.
GSM8945771_donor15-1	%%MatrixMarket matrix coordinate integer general	1.0	0.0	16204.0	0.9567853001919882	q0=1;q25=1;q50=1;q75=2;q90=4;q99=40;q100=2479	MatrixMarket integer coordinate values; nonnegative; 10x feature/barcode triplet naming; Gene Expression feature type.	No local normalization provenance or noninteger values found.	No negative/noninteger log-like values found; no local log-transform declaration.	GEO supplemental RAW.tar member names, MatrixMarket header, features.tsv feature types; no locally authoritative Cell Ranger/provenance manifest.	COUNT_LIKE_PROBABLE	YES	WITHIN_UNIT_ONLY	WITHIN_UNIT_UNNORMALIZED_ONLY	Integer values alone are not treated as proof of raw-count provenance; cross-unit mean comparison is not authorized.
GSM8945772_donor15-2	%%MatrixMarket matrix coordinate integer general	1.0	0.0	5784.0	0.9552700109061396	q0=1;q25=1;q50=1;q75=2;q90=4;q99=27;q100=676	MatrixMarket integer coordinate values; nonnegative; 10x feature/barcode triplet naming; Gene Expression feature type.	No local normalization provenance or noninteger values found.	No negative/noninteger log-like values found; no local log-transform declaration.	GEO supplemental RAW.tar member names, MatrixMarket header, features.tsv feature types; no locally authoritative Cell Ranger/provenance manifest.	COUNT_LIKE_PROBABLE	YES	WITHIN_UNIT_ONLY	WITHIN_UNIT_UNNORMALIZED_ONLY	Integer values alone are not treated as proof of raw-count provenance; cross-unit mean comparison is not authorized.
GSM8945773_donor16-1	%%MatrixMarket matrix coordinate integer general	1.0	0.0	9587.0	0.956926647032934	q0=1;q25=1;q50=1;q75=2;q90=4;q99=41;q100=3657	MatrixMarket integer coordinate values; nonnegative; 10x feature/barcode triplet naming; Gene Expression feature type.	No local normalization provenance or noninteger values found.	No negative/noninteger log-like values found; no local log-transform declaration.	GEO supplemental RAW.tar member names, MatrixMarket header, features.tsv feature types; no locally authoritative Cell Ranger/provenance manifest.	COUNT_LIKE_PROBABLE	YES	WITHIN_UNIT_ONLY	WITHIN_UNIT_UNNORMALIZED_ONLY	Integer values alone are not treated as proof of raw-count provenance; cross-unit mean comparison is not authorized.
GSM8945774_donor16-2	%%MatrixMarket matrix coordinate integer general	1.0	0.0	6755.0	0.9573682607005372	q0=1;q25=1;q50=1;q75=2;q90=4;q99=26;q100=503	MatrixMarket integer coordinate values; nonnegative; 10x feature/barcode triplet naming; Gene Expression feature type.	No local normalization provenance or noninteger values found.	No negative/noninteger log-like values found; no local log-transform declaration.	GEO supplemental RAW.tar member names, MatrixMarket header, features.tsv feature types; no locally authoritative Cell Ranger/provenance manifest.	COUNT_LIKE_PROBABLE	YES	WITHIN_UNIT_ONLY	WITHIN_UNIT_UNNORMALIZED_ONLY	Integer values alone are not treated as proof of raw-count provenance; cross-unit mean comparison is not authorized.
GSM8945775_donor17	%%MatrixMarket matrix coordinate integer general	1.0	0.0	10529.0	0.9517428083617395	q0=1;q25=1;q50=1;q75=2;q90=4;q99=27;q100=527	MatrixMarket integer coordinate values; nonnegative; 10x feature/barcode triplet naming; Gene Expression feature type.	No local normalization provenance or noninteger values found.	No negative/noninteger log-like values found; no local log-transform declaration.	GEO supplemental RAW.tar member names, MatrixMarket header, features.tsv feature types; no locally authoritative Cell Ranger/provenance manifest.	COUNT_LIKE_PROBABLE	YES	WITHIN_UNIT_ONLY	WITHIN_UNIT_UNNORMALIZED_ONLY	Integer values alone are not treated as proof of raw-count provenance; cross-unit mean comparison is not authorized.
GSM8945776_donor18	%%MatrixMarket matrix coordinate integer general	1.0	0.0	17961.0	0.9524441930126839	q0=1;q25=1;q50=1;q75=2;q90=4;q99=31;q100=17732	MatrixMarket integer coordinate values; nonnegative; 10x feature/barcode triplet naming; Gene Expression feature type.	No local normalization provenance or noninteger values found.	No negative/noninteger log-like values found; no local log-transform declaration.	GEO supplemental RAW.tar member names, MatrixMarket header, features.tsv feature types; no locally authoritative Cell Ranger/provenance manifest.	COUNT_LIKE_PROBABLE	YES	WITHIN_UNIT_ONLY	WITHIN_UNIT_UNNORMALIZED_ONLY	Integer values alone are not treated as proof of raw-count provenance; cross-unit mean comparison is not authorized.
GSM8945777_donor19	%%MatrixMarket matrix coordinate integer general	1.0	0.0	7672.0	0.9555289093893833	q0=1;q25=1;q50=1;q75=2;q90=4;q99=34;q100=293	MatrixMarket integer coordinate values; nonnegative; 10x feature/barcode triplet naming; Gene Expression feature type.	No local normalization provenance or noninteger values found.	No negative/noninteger log-like values found; no local log-transform declaration.	GEO supplemental RAW.tar member names, MatrixMarket header, features.tsv feature types; no locally authoritative Cell Ranger/provenance manifest.	COUNT_LIKE_PROBABLE	YES	WITHIN_UNIT_ONLY	WITHIN_UNIT_UNNORMALIZED_ONLY	Integer values alone are not treated as proof of raw-count provenance; cross-unit mean comparison is not authorized.
GSM8945778_donor20	%%MatrixMarket matrix coordinate integer general	1.0	0.0	14481.0	0.9555726085605024	q0=1;q25=1;q50=1;q75=2;q90=4;q99=34;q100=577	MatrixMarket integer coordinate values; nonnegative; 10x feature/barcode triplet naming; Gene Expression feature type.	No local normalization provenance or noninteger values found.	No negative/noninteger log-like values found; no local log-transform declaration.	GEO supplemental RAW.tar member names, MatrixMarket header, features.tsv feature types; no locally authoritative Cell Ranger/provenance manifest.	COUNT_LIKE_PROBABLE	YES	WITHIN_UNIT_ONLY	WITHIN_UNIT_UNNORMALIZED_ONLY	Integer values alone are not treated as proof of raw-count provenance; cross-unit mean comparison is not authorized.
GSM8945779_donor21	%%MatrixMarket matrix coordinate integer general	1.0	0.0	14494.0	0.9570207012808566	q0=1;q25=1;q50=1;q75=2;q90=4;q99=30;q100=557	MatrixMarket integer coordinate values; nonnegative; 10x feature/barcode triplet naming; Gene Expression feature type.	No local normalization provenance or noninteger values found.	No negative/noninteger log-like values found; no local log-transform declaration.	GEO supplemental RAW.tar member names, MatrixMarket header, features.tsv feature types; no locally authoritative Cell Ranger/provenance manifest.	COUNT_LIKE_PROBABLE	YES	WITHIN_UNIT_ONLY	WITHIN_UNIT_UNNORMALIZED_ONLY	Integer values alone are not treated as proof of raw-count provenance; cross-unit mean comparison is not authorized.
GSM8945780_donor22	%%MatrixMarket matrix coordinate integer general	1.0	0.0	4215.0	0.962936055127089	q0=1;q25=1;q50=1;q75=2;q90=4;q99=26;q100=248	MatrixMarket integer coordinate values; nonnegative; 10x feature/barcode triplet naming; Gene Expression feature type.	No local normalization provenance or noninteger values found.	No negative/noninteger log-like values found; no local log-transform declaration.	GEO supplemental RAW.tar member names, MatrixMarket header, features.tsv feature types; no locally authoritative Cell Ranger/provenance manifest.	COUNT_LIKE_PROBABLE	YES	WITHIN_UNIT_ONLY	WITHIN_UNIT_UNNORMALIZED_ONLY	Integer values alone are not treated as proof of raw-count provenance; cross-unit mean comparison is not authorized.
GSM8945781_donor23	%%MatrixMarket matrix coordinate integer general	1.0	0.0	5888.0	0.968015448420543	q0=1;q25=1;q50=1;q75=2;q90=4;q99=25;q100=548	MatrixMarket integer coordinate values; nonnegative; 10x feature/barcode triplet naming; Gene Expression feature type.	No local normalization provenance or noninteger values found.	No negative/noninteger log-like values found; no local log-transform declaration.	GEO supplemental RAW.tar member names, MatrixMarket header, features.tsv feature types; no locally authoritative Cell Ranger/provenance manifest.	COUNT_LIKE_PROBABLE	YES	WITHIN_UNIT_ONLY	WITHIN_UNIT_UNNORMALIZED_ONLY	Integer values alone are not treated as proof of raw-count provenance; cross-unit mean comparison is not authorized.
GSM8945782_donor24	%%MatrixMarket matrix coordinate integer general	1.0	0.0	5513.0	0.9730909269632854	q0=1;q25=1;q50=1;q75=2;q90=4;q99=25;q100=361	MatrixMarket integer coordinate values; nonnegative; 10x feature/barcode triplet naming; Gene Expression feature type.	No local normalization provenance or noninteger values found.	No negative/noninteger log-like values found; no local log-transform declaration.	GEO supplemental RAW.tar member names, MatrixMarket header, features.tsv feature types; no locally authoritative Cell Ranger/provenance manifest.	COUNT_LIKE_PROBABLE	YES	WITHIN_UNIT_ONLY	WITHIN_UNIT_UNNORMALIZED_ONLY	Integer values alone are not treated as proof of raw-count provenance; cross-unit mean comparison is not authorized.
GSM8945783_donor25	%%MatrixMarket matrix coordinate integer general	1.0	0.0	3203.0	0.9706945559995188	q0=1;q25=1;q50=1;q75=2;q90=4;q99=22;q100=359	MatrixMarket integer coordinate values; nonnegative; 10x feature/barcode triplet naming; Gene Expression feature type.	No local normalization provenance or noninteger values found.	No negative/noninteger log-like values found; no local log-transform declaration.	GEO supplemental RAW.tar member names, MatrixMarket header, features.tsv feature types; no locally authoritative Cell Ranger/provenance manifest.	COUNT_LIKE_PROBABLE	YES	WITHIN_UNIT_ONLY	WITHIN_UNIT_UNNORMALIZED_ONLY	Integer values alone are not treated as proof of raw-count provenance; cross-unit mean comparison is not authorized.
GSM8945784_donor26	%%MatrixMarket matrix coordinate integer general	1.0	0.0	13131.0	0.9502508435242883	q0=1;q25=1;q50=1;q75=2;q90=4;q99=31;q100=245	MatrixMarket integer coordinate values; nonnegative; 10x feature/barcode triplet naming; Gene Expression feature type.	No local normalization provenance or noninteger values found.	No negative/noninteger log-like values found; no local log-transform declaration.	GEO supplemental RAW.tar member names, MatrixMarket header, features.tsv feature types; no locally authoritative Cell Ranger/provenance manifest.	COUNT_LIKE_PROBABLE	YES	WITHIN_UNIT_ONLY	WITHIN_UNIT_UNNORMALIZED_ONLY	Integer values alone are not treated as proof of raw-count provenance; cross-unit mean comparison is not authorized.
GSM8945785_donor27	%%MatrixMarket matrix coordinate integer general	1.0	0.0	14145.0	0.9505061876894414	q0=1;q25=1;q50=1;q75=2;q90=4;q99=35;q100=2676	MatrixMarket integer coordinate values; nonnegative; 10x feature/barcode triplet naming; Gene Expression feature type.	No local normalization provenance or noninteger values found.	No negative/noninteger log-like values found; no local log-transform declaration.	GEO supplemental RAW.tar member names, MatrixMarket header, features.tsv feature types; no locally authoritative Cell Ranger/provenance manifest.	COUNT_LIKE_PROBABLE	YES	WITHIN_UNIT_ONLY	WITHIN_UNIT_UNNORMALIZED_ONLY	Integer values alone are not treated as proof of raw-count provenance; cross-unit mean comparison is not authorized.
GSM8945786_donor28	%%MatrixMarket matrix coordinate integer general	1.0	0.0	11280.0	0.9447111752480792	q0=1;q25=1;q50=1;q75=2;q90=4;q99=37;q100=608	MatrixMarket integer coordinate values; nonnegative; 10x feature/barcode triplet naming; Gene Expression feature type.	No local normalization provenance or noninteger values found.	No negative/noninteger log-like values found; no local log-transform declaration.	GEO supplemental RAW.tar member names, MatrixMarket header, features.tsv feature types; no locally authoritative Cell Ranger/provenance manifest.	COUNT_LIKE_PROBABLE	YES	WITHIN_UNIT_ONLY	WITHIN_UNIT_UNNORMALIZED_ONLY	Integer values alone are not treated as proof of raw-count provenance; cross-unit mean comparison is not authorized.
GSM8945787_donor29	%%MatrixMarket matrix coordinate integer general	1.0	0.0	14448.0	0.951477094294257	q0=1;q25=1;q50=1;q75=2;q90=4;q99=32;q100=2622	MatrixMarket integer coordinate values; nonnegative; 10x feature/barcode triplet naming; Gene Expression feature type.	No local normalization provenance or noninteger values found.	No negative/noninteger log-like values found; no local log-transform declaration.	GEO supplemental RAW.tar member names, MatrixMarket header, features.tsv feature types; no locally authoritative Cell Ranger/provenance manifest.	COUNT_LIKE_PROBABLE	YES	WITHIN_UNIT_ONLY	WITHIN_UNIT_UNNORMALIZED_ONLY	Integer values alone are not treated as proof of raw-count provenance; cross-unit mean comparison is not authorized.
GSM8945788_donor30	%%MatrixMarket matrix coordinate integer general	1.0	0.0	14623.0	0.9509698923807945	q0=1;q25=1;q50=1;q75=2;q90=4;q99=40;q100=2294	MatrixMarket integer coordinate values; nonnegative; 10x feature/barcode triplet naming; Gene Expression feature type.	No local normalization provenance or noninteger values found.	No negative/noninteger log-like values found; no local log-transform declaration.	GEO supplemental RAW.tar member names, MatrixMarket header, features.tsv feature types; no locally authoritative Cell Ranger/provenance manifest.	COUNT_LIKE_PROBABLE	YES	WITHIN_UNIT_ONLY	WITHIN_UNIT_UNNORMALIZED_ONLY	Integer values alone are not treated as proof of raw-count provenance; cross-unit mean comparison is not authorized.
GSM8945789_donor31	%%MatrixMarket matrix coordinate integer general	1.0	0.0	27876.0	0.911263981440962	q0=1;q25=1;q50=1;q75=2;q90=5;q99=53;q100=3949	MatrixMarket integer coordinate values; nonnegative; 10x feature/barcode triplet naming; Gene Expression feature type.	No local normalization provenance or noninteger values found.	No negative/noninteger log-like values found; no local log-transform declaration.	GEO supplemental RAW.tar member names, MatrixMarket header, features.tsv feature types; no locally authoritative Cell Ranger/provenance manifest.	COUNT_LIKE_PROBABLE	YES	WITHIN_UNIT_ONLY	WITHIN_UNIT_UNNORMALIZED_ONLY	Integer values alone are not treated as proof of raw-count provenance; cross-unit mean comparison is not authorized.
GSM8945790_donor32	%%MatrixMarket matrix coordinate integer general	1.0	0.0	16925.0	0.9270436177411042	q0=1;q25=1;q50=1;q75=2;q90=4;q99=42;q100=1463	MatrixMarket integer coordinate values; nonnegative; 10x feature/barcode triplet naming; Gene Expression feature type.	No local normalization provenance or noninteger values found.	No negative/noninteger log-like values found; no local log-transform declaration.	GEO supplemental RAW.tar member names, MatrixMarket header, features.tsv feature types; no locally authoritative Cell Ranger/provenance manifest.	COUNT_LIKE_PROBABLE	YES	WITHIN_UNIT_ONLY	WITHIN_UNIT_UNNORMALIZED_ONLY	Integer values alone are not treated as proof of raw-count provenance; cross-unit mean comparison is not authorized.
GSM8945791_donor33	%%MatrixMarket matrix coordinate integer general	1.0	0.0	20277.0	0.9338375951463302	q0=1;q25=1;q50=1;q75=2;q90=4;q99=24;q100=3883	MatrixMarket integer coordinate values; nonnegative; 10x feature/barcode triplet naming; Gene Expression feature type.	No local normalization provenance or noninteger values found.	No negative/noninteger log-like values found; no local log-transform declaration.	GEO supplemental RAW.tar member names, MatrixMarket header, features.tsv feature types; no locally authoritative Cell Ranger/provenance manifest.	COUNT_LIKE_PROBABLE	YES	WITHIN_UNIT_ONLY	WITHIN_UNIT_UNNORMALIZED_ONLY	Integer values alone are not treated as proof of raw-count provenance; cross-unit mean comparison is not authorized.
GSM8945792_donor34	%%MatrixMarket matrix coordinate integer general	1.0	0.0	4254.0	0.9334403497197938	q0=1;q25=1;q50=1;q75=2;q90=4;q99=25;q100=1634	MatrixMarket integer coordinate values; nonnegative; 10x feature/barcode triplet naming; Gene Expression feature type.	No local normalization provenance or noninteger values found.	No negative/noninteger log-like values found; no local log-transform declaration.	GEO supplemental RAW.tar member names, MatrixMarket header, features.tsv feature types; no locally authoritative Cell Ranger/provenance manifest.	COUNT_LIKE_PROBABLE	YES	WITHIN_UNIT_ONLY	WITHIN_UNIT_UNNORMALIZED_ONLY	Integer values alone are not treated as proof of raw-count provenance; cross-unit mean comparison is not authorized.
GSM8945793_donor35	%%MatrixMarket matrix coordinate integer general	1.0	0.0	10411.0	0.9261066725748274	q0=1;q25=1;q50=1;q75=2;q90=4;q99=30;q100=3378	MatrixMarket integer coordinate values; nonnegative; 10x feature/barcode triplet naming; Gene Expression feature type.	No local normalization provenance or noninteger values found.	No negative/noninteger log-like values found; no local log-transform declaration.	GEO supplemental RAW.tar member names, MatrixMarket header, features.tsv feature types; no locally authoritative Cell Ranger/provenance manifest.	COUNT_LIKE_PROBABLE	YES	WITHIN_UNIT_ONLY	WITHIN_UNIT_UNNORMALIZED_ONLY	Integer values alone are not treated as proof of raw-count provenance; cross-unit mean comparison is not authorized.
GSM8945794_donor36	%%MatrixMarket matrix coordinate integer general	1.0	0.0	15677.0	0.9306154791915068	q0=1;q25=1;q50=1;q75=2;q90=4;q99=28;q100=3482	MatrixMarket integer coordinate values; nonnegative; 10x feature/barcode triplet naming; Gene Expression feature type.	No local normalization provenance or noninteger values found.	No negative/noninteger log-like values found; no local log-transform declaration.	GEO supplemental RAW.tar member names, MatrixMarket header, features.tsv feature types; no locally authoritative Cell Ranger/provenance manifest.	COUNT_LIKE_PROBABLE	YES	WITHIN_UNIT_ONLY	WITHIN_UNIT_UNNORMALIZED_ONLY	Integer values alone are not treated as proof of raw-count provenance; cross-unit mean comparison is not authorized.
GSM8945795_donor37	%%MatrixMarket matrix coordinate integer general	1.0	0.0	2353.0	0.9308992099382685	q0=1;q25=1;q50=1;q75=2;q90=4;q99=40;q100=926	MatrixMarket integer coordinate values; nonnegative; 10x feature/barcode triplet naming; Gene Expression feature type.	No local normalization provenance or noninteger values found.	No negative/noninteger log-like values found; no local log-transform declaration.	GEO supplemental RAW.tar member names, MatrixMarket header, features.tsv feature types; no locally authoritative Cell Ranger/provenance manifest.	COUNT_LIKE_PROBABLE	YES	WITHIN_UNIT_ONLY	WITHIN_UNIT_UNNORMALIZED_ONLY	Integer values alone are not treated as proof of raw-count provenance; cross-unit mean comparison is not authorized.
GSM8945796_donor38	%%MatrixMarket matrix coordinate integer general	1.0	0.0	42087.0	0.9210610796235823	q0=1;q25=1;q50=1;q75=2;q90=5;q99=38;q100=5827	MatrixMarket integer coordinate values; nonnegative; 10x feature/barcode triplet naming; Gene Expression feature type.	No local normalization provenance or noninteger values found.	No negative/noninteger log-like values found; no local log-transform declaration.	GEO supplemental RAW.tar member names, MatrixMarket header, features.tsv feature types; no locally authoritative Cell Ranger/provenance manifest.	COUNT_LIKE_PROBABLE	YES	WITHIN_UNIT_ONLY	WITHIN_UNIT_UNNORMALIZED_ONLY	Integer values alone are not treated as proof of raw-count provenance; cross-unit mean comparison is not authorized.
GSM8945797_donor39	%%MatrixMarket matrix coordinate integer general	1.0	0.0	58816.0	0.9379229333678745	q0=1;q25=1;q50=1;q75=2;q90=4;q99=34;q100=30449	MatrixMarket integer coordinate values; nonnegative; 10x feature/barcode triplet naming; Gene Expression feature type.	No local normalization provenance or noninteger values found.	No negative/noninteger log-like values found; no local log-transform declaration.	GEO supplemental RAW.tar member names, MatrixMarket header, features.tsv feature types; no locally authoritative Cell Ranger/provenance manifest.	COUNT_LIKE_PROBABLE	YES	WITHIN_UNIT_ONLY	WITHIN_UNIT_UNNORMALIZED_ONLY	Integer values alone are not treated as proof of raw-count provenance; cross-unit mean comparison is not authorized.
GSM8945798_donor40-1	%%MatrixMarket matrix coordinate integer general	1.0	0.0	33356.0	0.9373376819009851	q0=1;q25=1;q50=1;q75=2;q90=5;q99=37;q100=26306	MatrixMarket integer coordinate values; nonnegative; 10x feature/barcode triplet naming; Gene Expression feature type.	No local normalization provenance or noninteger values found.	No negative/noninteger log-like values found; no local log-transform declaration.	GEO supplemental RAW.tar member names, MatrixMarket header, features.tsv feature types; no locally authoritative Cell Ranger/provenance manifest.	COUNT_LIKE_PROBABLE	YES	WITHIN_UNIT_ONLY	WITHIN_UNIT_UNNORMALIZED_ONLY	Integer values alone are not treated as proof of raw-count provenance; cross-unit mean comparison is not authorized.
GSM8945799_donor40-2	%%MatrixMarket matrix coordinate integer general	1.0	0.0	42436.0	0.9424610234691633	q0=1;q25=1;q50=1;q75=2;q90=4;q99=30;q100=14390	MatrixMarket integer coordinate values; nonnegative; 10x feature/barcode triplet naming; Gene Expression feature type.	No local normalization provenance or noninteger values found.	No negative/noninteger log-like values found; no local log-transform declaration.	GEO supplemental RAW.tar member names, MatrixMarket header, features.tsv feature types; no locally authoritative Cell Ranger/provenance manifest.	COUNT_LIKE_PROBABLE	YES	WITHIN_UNIT_ONLY	WITHIN_UNIT_UNNORMALIZED_ONLY	Integer values alone are not treated as proof of raw-count provenance; cross-unit mean comparison is not authorized.
GSM8945800_donor41-1	%%MatrixMarket matrix coordinate integer general	1.0	0.0	40077.0	0.9653653983893731	q0=1;q25=1;q50=1;q75=2;q90=4;q99=34;q100=24382	MatrixMarket integer coordinate values; nonnegative; 10x feature/barcode triplet naming; Gene Expression feature type.	No local normalization provenance or noninteger values found.	No negative/noninteger log-like values found; no local log-transform declaration.	GEO supplemental RAW.tar member names, MatrixMarket header, features.tsv feature types; no locally authoritative Cell Ranger/provenance manifest.	COUNT_LIKE_PROBABLE	YES	WITHIN_UNIT_ONLY	WITHIN_UNIT_UNNORMALIZED_ONLY	Integer values alone are not treated as proof of raw-count provenance; cross-unit mean comparison is not authorized.
GSM8945801_donor41-2	%%MatrixMarket matrix coordinate integer general	1.0	0.0	26720.0	0.9241319721859341	q0=1;q25=1;q50=1;q75=2;q90=4;q99=41;q100=2304	MatrixMarket integer coordinate values; nonnegative; 10x feature/barcode triplet naming; Gene Expression feature type.	No local normalization provenance or noninteger values found.	No negative/noninteger log-like values found; no local log-transform declaration.	GEO supplemental RAW.tar member names, MatrixMarket header, features.tsv feature types; no locally authoritative Cell Ranger/provenance manifest.	COUNT_LIKE_PROBABLE	YES	WITHIN_UNIT_ONLY	WITHIN_UNIT_UNNORMALIZED_ONLY	Integer values alone are not treated as proof of raw-count provenance; cross-unit mean comparison is not authorized.
GSM8945802_donor42	%%MatrixMarket matrix coordinate integer general	1.0	0.0	14496.0	0.9310457108105347	q0=1;q25=1;q50=1;q75=2;q90=4;q99=38;q100=883	MatrixMarket integer coordinate values; nonnegative; 10x feature/barcode triplet naming; Gene Expression feature type.	No local normalization provenance or noninteger values found.	No negative/noninteger log-like values found; no local log-transform declaration.	GEO supplemental RAW.tar member names, MatrixMarket header, features.tsv feature types; no locally authoritative Cell Ranger/provenance manifest.	COUNT_LIKE_PROBABLE	YES	WITHIN_UNIT_ONLY	WITHIN_UNIT_UNNORMALIZED_ONLY	Integer values alone are not treated as proof of raw-count provenance; cross-unit mean comparison is not authorized.
GSM8945803_donor43	%%MatrixMarket matrix coordinate integer general	1.0	0.0	42259.0	0.9496145492354212	q0=1;q25=1;q50=1;q75=2;q90=4;q99=32;q100=727	MatrixMarket integer coordinate values; nonnegative; 10x feature/barcode triplet naming; Gene Expression feature type.	No local normalization provenance or noninteger values found.	No negative/noninteger log-like values found; no local log-transform declaration.	GEO supplemental RAW.tar member names, MatrixMarket header, features.tsv feature types; no locally authoritative Cell Ranger/provenance manifest.	COUNT_LIKE_PROBABLE	YES	WITHIN_UNIT_ONLY	WITHIN_UNIT_UNNORMALIZED_ONLY	Integer values alone are not treated as proof of raw-count provenance; cross-unit mean comparison is not authorized.
GSM8945804_donor44	%%MatrixMarket matrix coordinate integer general	1.0	0.0	20152.0	0.9179537158753466	q0=1;q25=1;q50=1;q75=2;q90=5;q99=41;q100=1147	MatrixMarket integer coordinate values; nonnegative; 10x feature/barcode triplet naming; Gene Expression feature type.	No local normalization provenance or noninteger values found.	No negative/noninteger log-like values found; no local log-transform declaration.	GEO supplemental RAW.tar member names, MatrixMarket header, features.tsv feature types; no locally authoritative Cell Ranger/provenance manifest.	COUNT_LIKE_PROBABLE	YES	WITHIN_UNIT_ONLY	WITHIN_UNIT_UNNORMALIZED_ONLY	Integer values alone are not treated as proof of raw-count provenance; cross-unit mean comparison is not authorized.
GSM8945805_donor45	%%MatrixMarket matrix coordinate integer general	1.0	0.0	1884.0	0.9306022359378003	q0=1;q25=1;q50=1;q75=2;q90=4;q99=33;q100=1141	MatrixMarket integer coordinate values; nonnegative; 10x feature/barcode triplet naming; Gene Expression feature type.	No local normalization provenance or noninteger values found.	No negative/noninteger log-like values found; no local log-transform declaration.	GEO supplemental RAW.tar member names, MatrixMarket header, features.tsv feature types; no locally authoritative Cell Ranger/provenance manifest.	COUNT_LIKE_PROBABLE	YES	WITHIN_UNIT_ONLY	WITHIN_UNIT_UNNORMALIZED_ONLY	Integer values alone are not treated as proof of raw-count provenance; cross-unit mean comparison is not authorized.
GSM8945806_donor46	%%MatrixMarket matrix coordinate integer general	1.0	0.0	23227.0	0.9498042211576606	q0=1;q25=1;q50=1;q75=2;q90=4;q99=26;q100=1005	MatrixMarket integer coordinate values; nonnegative; 10x feature/barcode triplet naming; Gene Expression feature type.	No local normalization provenance or noninteger values found.	No negative/noninteger log-like values found; no local log-transform declaration.	GEO supplemental RAW.tar member names, MatrixMarket header, features.tsv feature types; no locally authoritative Cell Ranger/provenance manifest.	COUNT_LIKE_PROBABLE	YES	WITHIN_UNIT_ONLY	WITHIN_UNIT_UNNORMALIZED_ONLY	Integer values alone are not treated as proof of raw-count provenance; cross-unit mean comparison is not authorized.
GSM8945807_donor47	%%MatrixMarket matrix coordinate integer general	1.0	0.0	9740.0	0.9389320256636511	q0=1;q25=1;q50=1;q75=2;q90=4;q99=29;q100=1529	MatrixMarket integer coordinate values; nonnegative; 10x feature/barcode triplet naming; Gene Expression feature type.	No local normalization provenance or noninteger values found.	No negative/noninteger log-like values found; no local log-transform declaration.	GEO supplemental RAW.tar member names, MatrixMarket header, features.tsv feature types; no locally authoritative Cell Ranger/provenance manifest.	COUNT_LIKE_PROBABLE	YES	WITHIN_UNIT_ONLY	WITHIN_UNIT_UNNORMALIZED_ONLY	Integer values alone are not treated as proof of raw-count provenance; cross-unit mean comparison is not authorized.
